TMD	Affinity to EMC
tmd1_protein1	4.855662182740453
tmd2_protein1	9.821106963488571
tmd1_protein2	13.058268380021527
tmd1_protein3	3.34181617677962
tmd2_protein3	14.246440688891536
